a1,d,item,question,group
0.924683157189656,0.318190460434269,gę.gę,Czy Twoje dziecko mówi,mowa
0.618973292123358,1.52396038384093,brrum.brrum,Czy Twoje dziecko mówi,mowa
2.84617560970916,-0.167188523548536,kiełbasa,Czy Twoje dziecko mówi,mowa
3.09970544482337,-0.914952730895351,kotlet,Czy Twoje dziecko mówi,mowa
2.83958808072342,-0.839754164543279,kurczak,Czy Twoje dziecko mówi,mowa
2.67391922337697,0.506983665871555,lizak,Czy Twoje dziecko mówi,mowa
2.81812418599009,0.897870470739978,lody,Czy Twoje dziecko mówi,mowa
3.33965551120539,-0.41531911524513,makaron.kluski,Czy Twoje dziecko mówi,mowa
2.44000311692661,-1.80246336198284,mandarynka,Czy Twoje dziecko mówi,mowa
3.65030636309005,-0.315710859692081,marchewka,Czy Twoje dziecko mówi,mowa
3.30098371061416,-0.766672684027283,masło.margaryna,Czy Twoje dziecko mówi,mowa
3.13735929960003,0.010616988879195,mięso,Czy Twoje dziecko mówi,mowa
1.18665478207356,0.659993000528294,tik.tak,Czy Twoje dziecko mówi,mowa
2.4741531570894,-1.70461452362035,miód,Czy Twoje dziecko mówi,mowa
2.84359965327078,1.62406431030832,mleko,Czy Twoje dziecko mówi,mowa
2.91448040509641,-1.38127976479509,naleśniki,Czy Twoje dziecko mówi,mowa
3.14335209809458,-2.32720643341852,orzechy,Czy Twoje dziecko mówi,mowa
3.0544344369049,-0.11175454468221,ogórek,Czy Twoje dziecko mówi,mowa
3.0553037721146,-0.333004598939404,paluszki,Czy Twoje dziecko mówi,mowa
3.12630623247503,0.278519587899716,parówka.kiełbaska,Czy Twoje dziecko mówi,mowa
1.97310825346192,1.77485763126415,picie,Czy Twoje dziecko mówi,mowa
2.58164898123407,-1.5952057548647,pierogi,Czy Twoje dziecko mówi,mowa
2.71440643533502,-1.61208782833232,placek,Czy Twoje dziecko mówi,mowa
0.855633287225266,0.759177856054304,tralala.lalala,Czy Twoje dziecko mówi,mowa
2.99459605814549,-1.87635215351595,pomarańcza,Czy Twoje dziecko mówi,mowa
3.34210583742323,-0.171061909308125,pomidor,Czy Twoje dziecko mówi,mowa
2.4344771551483,-2.58037297859086,rodzynki,Czy Twoje dziecko mówi,mowa
2.92313879764772,-0.745479773592113,rosół,Czy Twoje dziecko mówi,mowa
2.57390218485516,0.488151530891039,ryba_pokarmy,Czy Twoje dziecko mówi,mowa
2.72260053766966,-1.17045746517434,ryż,Czy Twoje dziecko mówi,mowa
2.99663564589582,0.070163813197349,ser,Czy Twoje dziecko mówi,mowa
2.69323928562351,1.15919492683787,sok,Czy Twoje dziecko mówi,mowa
2.31448309099277,-1.04148965603032,sos,Czy Twoje dziecko mówi,mowa
2.62032928031397,-1.12094692733637,sól,Czy Twoje dziecko mówi,mowa
1.80717548978632,-0.388689114626428,baran,Czy Twoje dziecko mówi,mowa
2.73921262604458,-1.20318985311729,szynka,Czy Twoje dziecko mówi,mowa
3.30991899140536,-1.07739711100943,truskawki,Czy Twoje dziecko mówi,mowa
2.64716479830608,-2.35771942680106,witaminy,Czy Twoje dziecko mówi,mowa
2.55603582705571,1.28004406234656,woda_pokarmy,Czy Twoje dziecko mówi,mowa
3.36205933856996,-0.407433621404202,ziemniaki.kartofle,Czy Twoje dziecko mówi,mowa
3.38121374999463,1.53607447021846,zupa,Czy Twoje dziecko mówi,mowa
2.67664674021629,2.51125147677852,bajka,Czy Twoje dziecko mówi,mowa
2.86217283431127,1.06441471125248,balonik,Czy Twoje dziecko mówi,mowa
2.67676092970162,-1.06680849317429,grabki,Czy Twoje dziecko mówi,mowa
2.47561855504354,-0.661005294053231,gumka,Czy Twoje dziecko mówi,mowa
2.66869395469651,-0.111933094881342,biedronka,Czy Twoje dziecko mówi,mowa
3.669150333163,-0.195422121218822,kartka.papier,Czy Twoje dziecko mówi,mowa
3.55363622520921,1.93196303263367,klocki,Czy Twoje dziecko mówi,mowa
3.47963766655165,1.18873593202561,kredki,Czy Twoje dziecko mówi,mowa
3.68454897241398,0.659273654242882,książka,Czy Twoje dziecko mówi,mowa
1.52347084428306,1.4801450498099,lalka,Czy Twoje dziecko mówi,mowa
3.53082432078799,-0.344487430773765,łopatka,Czy Twoje dziecko mówi,mowa
3.88497474897082,-1.49112175014514,obrazek,Czy Twoje dziecko mówi,mowa
2.57118574055515,-1.20116491912948,ołówek,Czy Twoje dziecko mówi,mowa
2.63794147073121,2.66428671848477,piłka,Czy Twoje dziecko mówi,mowa
2.46514876484775,-0.005630451819033,pisak.długopis,Czy Twoje dziecko mówi,mowa
2.17307863261505,-0.516175460092976,bocian,Czy Twoje dziecko mówi,mowa
3.89238672801128,-1.34831864497044,prezent,Czy Twoje dziecko mówi,mowa
1.52970222496758,0.357556249995938,smoczek,Czy Twoje dziecko mówi,mowa
3.87465944007,-0.436705183301298,wiaderko,Czy Twoje dziecko mówi,mowa
3.90900969361978,0.243007588622601,zabawka,Czy Twoje dziecko mówi,mowa
3.52384409599491,0.039387819656596,bluzka,Czy Twoje dziecko mówi,mowa
2.89964385394377,2.74875325015297,buty,Czy Twoje dziecko mówi,mowa
2.77717718287515,-1.78834983688741,chustka,Czy Twoje dziecko mówi,mowa
3.45038614037029,2.13940679178632,czapka,Czy Twoje dziecko mówi,mowa
2.86230898602594,-0.763906253963292,guzik,Czy Twoje dziecko mówi,mowa
2.97399428531897,-0.672650338069592,kalosze.gumowce,Czy Twoje dziecko mówi,mowa
1.89519070021296,-0.94349170580281,foka,Czy Twoje dziecko mówi,mowa
2.86432916927633,-1.61987014739202,kapelusz,Czy Twoje dziecko mówi,mowa
3.53948703713759,-1.20963650935269,kieszeń,Czy Twoje dziecko mówi,mowa
3.00833903911326,-1.58076352512264,koszula,Czy Twoje dziecko mówi,mowa
4.16435062515298,1.03923676752287,kurtka,Czy Twoje dziecko mówi,mowa
3.45920030792052,0.148113495430409,majtki,Czy Twoje dziecko mówi,mowa
2.50002286773066,-0.549409316342493,pantofle.kapcie,Czy Twoje dziecko mówi,mowa
2.68969266918027,-1.5275622968879,pasek,Czy Twoje dziecko mówi,mowa
2.71114987469459,0.598300611632763,pieluszka.pampers,Czy Twoje dziecko mówi,mowa
3.31059442366232,-0.351483939400652,piżama,Czy Twoje dziecko mówi,mowa
3.07076781275273,-0.854548162860194,rajstopy.rajtuzy,Czy Twoje dziecko mówi,mowa
1.57773703553141,-0.787885063994941,gęś,Czy Twoje dziecko mówi,mowa
3.19464540915238,-0.685682555892172,rękawiczki,Czy Twoje dziecko mówi,mowa
3.56802932010998,0.883017114088991,skarpetki,Czy Twoje dziecko mówi,mowa
3.80109700726022,0.695154361461469,spodnie,Czy Twoje dziecko mówi,mowa
2.86634953579774,-1.30588644097955,sukienka,Czy Twoje dziecko mówi,mowa
3.46794147706366,-1.3727052805064,sweter,Czy Twoje dziecko mówi,mowa
3.35189353906047,-0.745944139812871,szalik,Czy Twoje dziecko mówi,mowa
2.25684289023084,-1.83283440664602,śliniaczek,Czy Twoje dziecko mówi,mowa
3.53659827093564,-0.727629177470721,ubranie,Czy Twoje dziecko mówi,mowa
2.63061691760941,-0.518556329381051,broda,Czy Twoje dziecko mówi,mowa
4.14363458791383,2.13789576706121,brzuch,Czy Twoje dziecko mówi,mowa
1.91196288802825,-0.956280496197952,gołąb,Czy Twoje dziecko mówi,mowa
3.32379386267634,1.72750305926628,buzia,Czy Twoje dziecko mówi,mowa
2.84739771561227,-0.140667002868703,czoło,Czy Twoje dziecko mówi,mowa
2.90262609449837,-1.32465586397169,gardło,Czy Twoje dziecko mówi,mowa
4.23838448845633,1.9239618348759,głowa,Czy Twoje dziecko mówi,mowa
3.40690519799147,-0.178926035714904,język,Czy Twoje dziecko mówi,mowa
3.81203196037754,-0.275777659840135,kolano,Czy Twoje dziecko mówi,mowa
2.60556140130394,-1.79091858544109,krew,Czy Twoje dziecko mówi,mowa
2.5444533823189,-2.20347863068913,łokieć,Czy Twoje dziecko mówi,mowa
3.91130941782569,2.27637164920811,noga,Czy Twoje dziecko mówi,mowa
3.05840254254039,3.03922149854825,nos,Czy Twoje dziecko mówi,mowa
2.1458873710562,-0.741425152299787,jeż,Czy Twoje dziecko mówi,mowa
2.57033974513758,3.16080632352088,oko,Czy Twoje dziecko mówi,mowa
3.79815393441451,0.89920625390654,palec,Czy Twoje dziecko mówi,mowa
3.90818288642079,-1.27456884561107,paznokcie.pazurki,Czy Twoje dziecko mówi,mowa
2.50547200298139,0.611478325539087,pępek,Czy Twoje dziecko mówi,mowa
3.5946951635947,-0.447803714849417,plecy,Czy Twoje dziecko mówi,mowa
3.20497127591021,-1.15832034232078,policzek,Czy Twoje dziecko mówi,mowa
2.58367868165989,2.26137567588989,pupa,Czy Twoje dziecko mówi,mowa
4.15806988576839,1.59211024534435,ręka,Czy Twoje dziecko mówi,mowa
2.7434912278624,-1.53008318728129,serce,Czy Twoje dziecko mówi,mowa
3.00873517387209,-2.40844434731826,skóra,Czy Twoje dziecko mówi,mowa
1.04136028338718,2.8066103232874,hau.hau,Czy Twoje dziecko mówi,mowa
1.93758513726187,0.977071624436814,kaczka,Czy Twoje dziecko mówi,mowa
3.02129492187146,-0.423373968806598,szyja,Czy Twoje dziecko mówi,mowa
3.18326040178874,2.10179349777024,ucho,Czy Twoje dziecko mówi,mowa
4.00446504502565,1.68672871858594,włosy,Czy Twoje dziecko mówi,mowa
3.90962382235432,0.783051199938368,ząb,Czy Twoje dziecko mówi,mowa
2.23902472026905,-1.21030138398807,balkon,Czy Twoje dziecko mówi,mowa
2.53101438174192,-1.03536658981389,dach,Czy Twoje dziecko mówi,mowa
3.42552145390877,1.81101785378137,drzwi,Czy Twoje dziecko mówi,mowa
3.53969827293419,-0.587447813625835,dywan,Czy Twoje dziecko mówi,mowa
2.89570469857096,-1.59664083974943,firanka.zasłona,Czy Twoje dziecko mówi,mowa
3.22519902313589,-0.467516023969427,fotel,Czy Twoje dziecko mówi,mowa
1.74938848908839,-0.086393981995511,kogut,Czy Twoje dziecko mówi,mowa
2.85709149410161,-2.56791117501433,korytarz.przedpokój,Czy Twoje dziecko mówi,mowa
3.01557011475915,-1.31055897728997,kran,Czy Twoje dziecko mówi,mowa
3.75900040891677,0.56462553801583,krzesło,Czy Twoje dziecko mówi,mowa
4.3029962020823,0.03366416928184,kuchnia,Czy Twoje dziecko mówi,mowa
3.98819549659539,-0.32790981435251,lodówka,Czy Twoje dziecko mówi,mowa
4.06274267432122,-0.32687609916797,łazienka,Czy Twoje dziecko mówi,mowa
4.19272195658465,0.890748917183879,łóżko,Czy Twoje dziecko mówi,mowa
2.93995178131177,-0.354240280965337,odkurzacz,Czy Twoje dziecko mówi,mowa
3.32798742434487,1.27388662158769,okno,Czy Twoje dziecko mówi,mowa
4.34198607057297,-1.16384947799066,podłoga,Czy Twoje dziecko mówi,mowa
2.06682590375436,1.54337268509208,koń,Czy Twoje dziecko mówi,mowa
4.36714058990521,-0.036152758250102,pokój,Czy Twoje dziecko mówi,mowa
3.36286750794938,-2.44065883193708,półka.regał,Czy Twoje dziecko mówi,mowa
3.72058359690211,-0.208776405078708,pralka,Czy Twoje dziecko mówi,mowa
2.90590642549605,-1.65909293398334,prysznic,Czy Twoje dziecko mówi,mowa
4.18419815481768,-0.341110144064708,schody,Czy Twoje dziecko mówi,mowa
2.72458705036685,-1.82055979336463,stołek,Czy Twoje dziecko mówi,mowa
4.33184602225426,0.816349504748588,stół,Czy Twoje dziecko mówi,mowa
2.97740149236616,-2.35572115723994,sufit,Czy Twoje dziecko mówi,mowa
4.05266203058826,-0.471998206243128,szafa,Czy Twoje dziecko mówi,mowa
3.59913084869788,-2.17218360016175,szuflada,Czy Twoje dziecko mówi,mowa
1.95503601625478,2.93875850393021,kot,Czy Twoje dziecko mówi,mowa
4.03010325948388,-1.30459444452266,ściana,Czy Twoje dziecko mówi,mowa
3.34980698518657,0.473623274208562,telewizor,Czy Twoje dziecko mówi,mowa
2.4459297603996,-1.17396071995488,ubikacja.ustęp,Czy Twoje dziecko mówi,mowa
3.03984425705488,-0.172153062038276,wanna,Czy Twoje dziecko mówi,mowa
3.42116243293851,0.746987308163013,wózek,Czy Twoje dziecko mówi,mowa
2.74695009649576,-1.23738567031506,aparat.kamera,Czy Twoje dziecko mówi,mowa
3.24394511365982,0.968300856546308,butelka,Czy Twoje dziecko mówi,mowa
2.97814556166631,-1.39746813025621,czajnik,Czy Twoje dziecko mówi,mowa
3.07983648819515,-1.88144109581011,deska,Czy Twoje dziecko mówi,mowa
3.78538764912181,-0.766816140363444,garnek,Czy Twoje dziecko mówi,mowa
1.99634300322671,-0.317514335228817,koza,Czy Twoje dziecko mówi,mowa
3.47480082070699,-1.21158348905658,gazeta,Czy Twoje dziecko mówi,mowa
2.85578059631371,-1.24160953746538,grzebień,Czy Twoje dziecko mówi,mowa
2.63209574866004,-2.2692452011018,igła,Czy Twoje dziecko mówi,mowa
3.4104794973054,0.594796362528225,klucz,Czy Twoje dziecko mówi,mowa
3.14637768072948,0.641857134781104,koc.kołdra,Czy Twoje dziecko mówi,mowa
3.34716957839386,-1.60141206923809,koszyk,Czy Twoje dziecko mówi,mowa
3.58504182690659,0.892150616461528,kubek,Czy Twoje dziecko mówi,mowa
2.69818416526049,0.119863451110623,lampa,Czy Twoje dziecko mówi,mowa
3.26430015736431,-1.40968432598309,lekarstwa.tabletki,Czy Twoje dziecko mówi,mowa
3.98205683315868,-0.838406159556736,lustro,Czy Twoje dziecko mówi,mowa
2.0655620994127,1.56249038566328,krowa,Czy Twoje dziecko mówi,mowa
4.06878045644282,0.77006440659045,łyżka,Czy Twoje dziecko mówi,mowa
2.32101453637134,-1.22874536023073,miotła,Czy Twoje dziecko mówi,mowa
3.24382233213968,-0.285864897699225,miska,Czy Twoje dziecko mówi,mowa
3.01764067303858,-1.47204508989995,młotek,Czy Twoje dziecko mówi,mowa
3.59744989471956,0.105282340054995,mydło,Czy Twoje dziecko mówi,mowa
2.51520951661137,-2.3101439850896,nici,Czy Twoje dziecko mówi,mowa
2.96766102510027,0.459273200668793,nocnik,Czy Twoje dziecko mówi,mowa
3.42806393603506,-0.893024210712871,nożyczki,Czy Twoje dziecko mówi,mowa
2.77390930436466,-0.016201113119986,nóż,Czy Twoje dziecko mówi,mowa
3.570479665689,-1.94262955041754,obraz,Czy Twoje dziecko mówi,mowa
2.34452619446382,-0.160012393191485,królik,Czy Twoje dziecko mówi,mowa
3.35068873476301,0.311199186536495,okulary,Czy Twoje dziecko mówi,mowa
3.32247495658217,-0.586670161879757,pieniądze,Czy Twoje dziecko mówi,mowa
3.75672509197332,0.093417058398776,poduszka,Czy Twoje dziecko mówi,mowa
4.50591904258912,-1.97805147168241,pudełko,Czy Twoje dziecko mówi,mowa
2.63618692754815,-1.0920746030831,radio,Czy Twoje dziecko mówi,mowa
4.27938447435256,-0.667907649089378,ręcznik,Czy Twoje dziecko mówi,mowa
3.85164033602655,-2.52383375126241,słoik,Czy Twoje dziecko mówi,mowa
3.37910684938786,-0.808603114820127,syrop,Czy Twoje dziecko mówi,mowa
3.18413406547165,-0.325366471638438,szczoteczka.do.zębów,Czy Twoje dziecko mówi,mowa
3.27005625480102,-1.06597033702835,szczotka,Czy Twoje dziecko mówi,mowa
2.00722409194954,1.63442661905173,kura,Czy Twoje dziecko mówi,mowa
3.45344905361869,-0.861509859791896,szklanka,Czy Twoje dziecko mówi,mowa
3.4832193321333,-1.8941184876918,szmata.ścierka,Czy Twoje dziecko mówi,mowa
3.55749512653802,-2.64399811524334,sznurek,Czy Twoje dziecko mówi,mowa
3.31600507392414,0.187599827717434,śmieci,Czy Twoje dziecko mówi,mowa
3.86836955671361,-0.232705238807487,talerz,Czy Twoje dziecko mówi,mowa
2.61681970386272,1.23774028753602,telefon.komórka,Czy Twoje dziecko rozumie,rozumienie
3.03608455363968,-2.21158360221811,termometr,Czy Twoje dziecko rozumie,rozumienie
3.77183778015358,-0.914323697204766,torebka,Czy Twoje dziecko rozumie,rozumienie
4.02257008663682,-0.614403421019862,widelec,Czy Twoje dziecko rozumie,rozumienie
2.66055775224645,-2.09714212071386,zapałki,Czy Twoje dziecko rozumie,rozumienie
1.58379970890463,-1.43570763422396,kurczątko,Czy Twoje dziecko rozumie,rozumienie
3.7248381446501,-0.984265078958204,zdjęcie.fotografia,Czy Twoje dziecko rozumie,rozumienie
3.0325723055649,-0.190498811108258,zegarek,Czy Twoje dziecko rozumie,rozumienie
2.91318227720412,-1.66263274333896,żelazko,Czy Twoje dziecko rozumie,rozumienie
2.75684378685268,-1.31774651657949,bałwan,Czy Twoje dziecko rozumie,rozumienie
2.9444002541866,-0.810334101998558,błoto,Czy Twoje dziecko rozumie,rozumienie
2.91418201878382,-0.138983771856862,burza,Czy Twoje dziecko rozumie,rozumienie
3.52008694684436,-0.719248385768005,chmura,Czy Twoje dziecko rozumie,rozumienie
3.18141865812964,1.582331500366,deszcz,Czy Twoje dziecko rozumie,rozumienie
3.18486008132278,-1.87955559570405,drabina,Czy Twoje dziecko rozumie,rozumienie
3.35362102343644,-0.504013188255947,droga,Czy Twoje dziecko rozumie,rozumienie
2.11021798672576,0.285715435966837,lew,Czy Twoje dziecko rozumie,rozumienie
4.01016355206001,0.884803141578561,drzewo,Czy Twoje dziecko rozumie,rozumienie
2.98071073282819,-2.84731398771559,gałąź,Czy Twoje dziecko rozumie,rozumienie
3.4838254277437,-0.981289835917255,gwiazda,Czy Twoje dziecko rozumie,rozumienie
2.53771729983913,0.732235960979317,huśtawka,Czy Twoje dziecko rozumie,rozumienie
4.31510955626886,-0.247132375128505,kamień,Czy Twoje dziecko rozumie,rozumienie
3.25801565081102,-0.217239666281352,kijek.patyk,Czy Twoje dziecko rozumie,rozumienie
3.10955909275943,-0.669879166359545,księżyc,Czy Twoje dziecko rozumie,rozumienie
3.62117284851345,1.10336838807305,kwiatek,Czy Twoje dziecko rozumie,rozumienie
3.79298796989473,-0.314567399714213,listek,Czy Twoje dziecko rozumie,rozumienie
2.73952813082931,-1.62451049466397,most,Czy Twoje dziecko rozumie,rozumienie
0.935067699132197,2.04434107556077,ko.ko.ko,Czy Twoje dziecko rozumie,rozumienie
2.0159097530438,-0.40850756836056,lis,Czy Twoje dziecko rozumie,rozumienie
2.54666255665952,-2.57751942008497,mróz,Czy Twoje dziecko rozumie,rozumienie
3.19256860225066,-0.037885461338645,niebo,Czy Twoje dziecko rozumie,rozumienie
2.67696162246554,-0.722091254781977,ogień,Czy Twoje dziecko rozumie,rozumienie
4.0599297466575,0.282495183020909,piasek.piaskownica,Czy Twoje dziecko rozumie,rozumienie
3.13813828081539,-1.63982999195336,płot,Czy Twoje dziecko rozumie,rozumienie
3.37360803925013,-1.6667027764723,sanki,Czy Twoje dziecko rozumie,rozumienie
3.83580035822414,0.501002910045185,słońce,Czy Twoje dziecko rozumie,rozumienie
3.43199036305105,-1.20364560869322,śnieg,Czy Twoje dziecko rozumie,rozumienie
4.30585643943019,0.217638334274206,trawa,Czy Twoje dziecko rozumie,rozumienie
3.35526954387993,-1.15868065197046,ulica,Czy Twoje dziecko rozumie,rozumienie
2.27726113209603,0.188932701775656,małpa,Czy Twoje dziecko rozumie,rozumienie
3.70516611630077,-0.746776976250979,wiatr,Czy Twoje dziecko rozumie,rozumienie
3.20022262852504,1.66294324078488,woda_na_dworze,Czy Twoje dziecko rozumie,rozumienie
3.34069044952931,-1.57727537559609,ziemia,Czy Twoje dziecko rozumie,rozumienie
2.62292290252654,-2.24362098966713,apteka,Czy Twoje dziecko rozumie,rozumienie
3.08531396885848,2.67279223745391,dom,Czy Twoje dziecko rozumie,rozumienie
2.11086400815696,-1.93338225748107,góry,Czy Twoje dziecko rozumie,rozumienie
2.97124294663752,-1.78943500165812,imieniny.urodziny,Czy Twoje dziecko rozumie,rozumienie
2.5086639670018,-0.708749707651474,kościół,Czy Twoje dziecko rozumie,rozumienie
2.44996700749602,-0.072165207375843,las,Czy Twoje dziecko rozumie,rozumienie
2.6890628569235,-1.9779959604503,miasto,Czy Twoje dziecko rozumie,rozumienie
1.80428746451857,1.0484915920002,miś.niedźwiedź,Czy Twoje dziecko rozumie,rozumienie
2.33798389965552,-1.35607596341126,morze,Czy Twoje dziecko rozumie,rozumienie
2.45655268559072,0.427715701731018,na.dwór.na.pole,Czy Twoje dziecko rozumie,rozumienie
2.94213721731614,-1.38294498481718,park.ogród,Czy Twoje dziecko rozumie,rozumienie
2.49898896104021,-2.52455461552642,poczta,Czy Twoje dziecko rozumie,rozumienie
2.41719440657941,-0.997570995165002,podwórko,Czy Twoje dziecko rozumie,rozumienie
2.74584369996395,-0.02458569215104,praca,Czy Twoje dziecko rozumie,rozumienie
2.7888775343878,-2.09699979871553,rzeka,Czy Twoje dziecko rozumie,rozumienie
3.60993856291193,0.886693994612725,sklep,Czy Twoje dziecko rozumie,rozumienie
3.08094250409914,0.578281920870064,spacer,Czy Twoje dziecko rozumie,rozumienie
2.98895167081701,-0.1743247148057,szkoła.przedszkole,Czy Twoje dziecko rozumie,rozumienie
2.75181738715599,-0.188247725959439,motylek,Czy Twoje dziecko rozumie,rozumienie
1.97732095911834,-1.14871819040195,zoo,Czy Twoje dziecko rozumie,rozumienie
1.93883673792166,4.3452611654492,babcia,Czy Twoje dziecko rozumie,rozumienie
1.76456024130146,-0.852298144987829,brat,Czy Twoje dziecko rozumie,rozumienie
3.22965358176652,-0.003736818934065,chłopiec,Czy Twoje dziecko rozumie,rozumienie
2.16071355742889,2.3149495175779,ciocia,Czy Twoje dziecko rozumie,rozumienie
2.65120129758375,-1.7571464173294,córeczka,Czy Twoje dziecko rozumie,rozumienie
3.89238897641705,-0.2688442006325,doktor.lekarz,Czy Twoje dziecko rozumie,rozumienie
1.59170812373593,2.45449796080695,dziadek.dziadzio,Czy Twoje dziecko rozumie,rozumienie
1.39558215322123,1.8006080122299,dzidzi.dzidziuś,Czy Twoje dziecko rozumie,rozumienie
2.38714717998654,1.64908205395011,dzieci,Czy Twoje dziecko rozumie,rozumienie
2.66647653196378,-1.08075045287574,mrówka,Czy Twoje dziecko rozumie,rozumienie
3.10674725633261,0.386587938855298,dziewczynka,Czy Twoje dziecko rozumie,rozumienie
2.99184465168282,-2.35498157631974,fryzjer,Czy Twoje dziecko rozumie,rozumienie
3.18630872612371,-1.50757423202066,goście,Czy Twoje dziecko rozumie,rozumienie
1.58913055159011,-0.017431635965406,imię.zwierzątka,Czy Twoje dziecko rozumie,rozumienie
3.31372819426637,-1.64568118870666,kolega.koleżanka,Czy Twoje dziecko rozumie,rozumienie
2.9867269019724,-2.47778615648894,krasnoludek,Czy Twoje dziecko rozumie,rozumienie
3.13616404801339,-1.62364938863138,król.królewna,Czy Twoje dziecko rozumie,rozumienie
2.52653918679934,-1.97936692365738,ksiądz,Czy Twoje dziecko rozumie,rozumienie
3.28608166975686,-1.47033782265418,ludzie,Czy Twoje dziecko rozumie,rozumienie
0.959014833210428,3.64314568884223,mama.mamusia,Czy Twoje dziecko rozumie,rozumienie
2.30775664392164,1.05887995885814,mucha,Czy Twoje dziecko rozumie,rozumienie
2.3943037332915,2.30304338654316,pan,Czy Twoje dziecko rozumie,rozumienie
2.55875268259413,1.76493641194836,pani,Czy Twoje dziecko rozumie,rozumienie
3.12713923528427,-1.73677360823565,policjant,Czy Twoje dziecko rozumie,rozumienie
2.08092597970289,-1.07193944296369,siostra,Czy Twoje dziecko rozumie,rozumienie
2.70846425566747,-1.41013376852003,synek,Czy Twoje dziecko rozumie,rozumienie
1.11010595528114,3.50844494299405,tata.tatuś,Czy Twoje dziecko rozumie,rozumienie
1.75041886010016,1.38974081933168,własne.imię,Czy Twoje dziecko rozumie,rozumienie
2.2689470771982,0.872030752206656,wujek,Czy Twoje dziecko rozumie,rozumienie
1.57159192147865,1.79143832213994,cześć,Czy Twoje dziecko rozumie,rozumienie
2.75291084195528,0.242252807111396,dzień.dobry,Czy Twoje dziecko rozumie,rozumienie
2.53009706581092,0.384640126782563,myszka,Czy Twoje dziecko rozumie,rozumienie
2.49219917661353,0.109417570830668,do.widzenia,Czy Twoje dziecko rozumie,rozumienie
2.73184505716737,-0.242775166142565,dobranoc,Czy Twoje dziecko rozumie,rozumienie
2.84540743774889,1.2618471099143,dziękuję,Czy Twoje dziecko rozumie,rozumienie
2.79786336792012,1.08127058225476,proszę,Czy Twoje dziecko rozumie,rozumienie
3.1626446829834,0.175006644819249,przepraszam,Czy Twoje dziecko rozumie,rozumienie
1.11325757900275,1.2444822839153,halo,Czy Twoje dziecko rozumie,rozumienie
1.18681016571681,3.76390747666745,pa.pa.,Czy Twoje dziecko rozumie,rozumienie
1.56896237731001,3.11877809550749,tak,Czy Twoje dziecko rozumie,rozumienie
1.26195183636032,3.32804875556257,nie,Czy Twoje dziecko rozumie,rozumienie
3.24237064929747,-0.544452361170386,śniadanie,Czy Twoje dziecko rozumie,rozumienie
2.53854444759174,-0.617506731696237,pająk,Czy Twoje dziecko rozumie,rozumienie
3.28604779213506,0.031298403811704,obiad,Czy Twoje dziecko rozumie,rozumienie
3.21419208652899,-1.00965892666195,kolacja,Czy Twoje dziecko rozumie,rozumienie
1.73853178776823,2.54417949804527,siusiu.siku.sisi,Czy Twoje dziecko rozumie,rozumienie
2.03207030933899,1.66799066819624,kupka,Czy Twoje dziecko rozumie,rozumienie
1.17809959973228,0.366236847033092,kosi.kosi.łapci,Czy Twoje dziecko rozumie,rozumienie
1.85261021003913,-0.338079434668507,idzie.rak.nieborak,Czy Twoje dziecko rozumie,rozumienie
1.29553893428179,-0.817832686325073,sroczka.kaszkę.warzyła,Czy Twoje dziecko rozumie,rozumienie
0.48034897500129,1.49125528300902,be,Czy Twoje dziecko rozumie,rozumienie
2.97891237333942,-1.50905886879747,biały,Czy Twoje dziecko rozumie,rozumienie
3.17031798128934,0.422428634437255,brudny,Czy Twoje dziecko rozumie,rozumienie
1.87371367934702,2.36342898360657,pies,Czy Twoje dziecko rozumie,rozumienie
3.03320386699366,-0.62262611867352,brzydki,Czy Twoje dziecko rozumie,rozumienie
0.792958768995607,-0.159787024897237,cacy.cacany,Czy Twoje dziecko rozumie,rozumienie
4.06840584640212,-0.1088438697612,chory,Czy Twoje dziecko rozumie,rozumienie
2.74871647286233,0.078547030863593,ciepły,Czy Twoje dziecko rozumie,rozumienie
3.47013774332796,-1.12886874848125,ciężki,Czy Twoje dziecko rozumie,rozumienie
3.59328090977274,-2.11642801377008,czarny,Czy Twoje dziecko rozumie,rozumienie
3.18332551026787,-1.72254745903236,czerwony,Czy Twoje dziecko rozumie,rozumienie
3.7951902819623,-0.326137578425963,czysty,Czy Twoje dziecko rozumie,rozumienie
2.9611965816648,0.142611233219923,dobry,Czy Twoje dziecko rozumie,rozumienie
3.15321160125851,0.881685505830645,duży,Czy Twoje dziecko rozumie,rozumienie
2.25037037017036,-1.2929062559418,pingwin,Czy Twoje dziecko rozumie,rozumienie
3.5697881139505,-0.733625686700618,głodny,Czy Twoje dziecko rozumie,rozumienie
2.480755919062,-1.68655027199275,głupi,Czy Twoje dziecko rozumie,rozumienie
2.11518730597708,0.078512383292557,gorący,Czy Twoje dziecko rozumie,rozumienie
3.0566487445857,-0.875141462562652,kochany,Czy Twoje dziecko rozumie,rozumienie
3.32512425182163,-0.398518813714606,ładny,Czy Twoje dziecko rozumie,rozumienie
3.20620308693551,0.441224798218138,mały,Czy Twoje dziecko rozumie,rozumienie
3.22037257765366,-2.49262554174508,mądry,Czy Twoje dziecko rozumie,rozumienie
3.43678394064459,-0.451837104191977,mokry,Czy Twoje dziecko rozumie,rozumienie
3.24389881582191,-0.559658714549971,.nie.grzeczny,Czy Twoje dziecko rozumie,rozumienie
3.23878795790289,-1.35872329994945,nowy,Czy Twoje dziecko rozumie,rozumienie
1.15087001472383,1.39113388346158,kwa.kwa,Czy Twoje dziecko rozumie,rozumienie
2.35842899654192,0.673774098457054,ptaszek,Czy Twoje dziecko rozumie,rozumienie
3.38917315529692,-1.91414737279454,otwarty,Czy Twoje dziecko rozumie,rozumienie
3.02888486597401,-1.80922874812373,piękny.śliczny,Czy Twoje dziecko rozumie,rozumienie
2.54313733368387,-0.642959708051109,pyszny,Czy Twoje dziecko rozumie,rozumienie
2.4150339860829,-0.620352389731678,śpiący,Czy Twoje dziecko rozumie,rozumienie
3.47170320162205,-0.994405759100676,umyty,Czy Twoje dziecko rozumie,rozumienie
3.52018134955661,-1.58023824283908,zamknięty,Czy Twoje dziecko rozumie,rozumienie
4.21021854968532,-1.50781775098212,zdrowy,Czy Twoje dziecko rozumie,rozumienie
3.08348291959435,-1.41033649111767,zepsuty,Czy Twoje dziecko rozumie,rozumienie
2.82062135525252,0.093232542292617,zimny,Czy Twoje dziecko rozumie,rozumienie
3.57631524433357,-1.51250440364435,zmęczony,Czy Twoje dziecko rozumie,rozumienie
2.69606634094511,-0.529303815807021,robak,Czy Twoje dziecko rozumie,rozumienie
2.48647929695179,-0.510946754455721,boso.na.bosaka,Czy Twoje dziecko rozumie,rozumienie
2.52972980620291,-0.611674917645266,brzydko,Czy Twoje dziecko rozumie,rozumienie
1.98036899956622,1.24798771768727,cicho,Czy Twoje dziecko rozumie,rozumienie
3.90552295827528,0.538483331953287,ciemno,Czy Twoje dziecko rozumie,rozumienie
3.3388429690709,0.168537320163395,ciepło,Czy Twoje dziecko rozumie,rozumienie
2.86689773119368,0.241297618226285,dobrze,Czy Twoje dziecko rozumie,rozumienie
3.81981151291226,-0.807929831905398,głośno,Czy Twoje dziecko rozumie,rozumienie
2.58744436806378,-0.309762813099628,gorąco,Czy Twoje dziecko rozumie,rozumienie
3.35754855167171,-0.643617746285403,ładnie,Czy Twoje dziecko rozumie,rozumienie
3.39232467800713,-1.32455817696072,mocno,Czy Twoje dziecko rozumie,rozumienie
2.57323406025096,1.25633452126685,ryba_zwierzęta,Czy Twoje dziecko rozumie,rozumienie
2.96608145982447,-0.058620423189554,mokro,Czy Twoje dziecko rozumie,rozumienie
3.52558327751506,-0.693222414248263,prędko.szybko,Czy Twoje dziecko rozumie,rozumienie
2.73532917061765,0.611168247700269,zimno,Czy Twoje dziecko rozumie,rozumienie
2.63113840116809,0.167508544184117,bać.się,Czy Twoje dziecko rozumie,rozumienie
4.02539953997136,0.971643255441689,bawić.się,Czy Twoje dziecko rozumie,rozumienie
2.2489735961333,-0.338184222221198,bić,Czy Twoje dziecko rozumie,rozumienie
4.24916447447318,-0.124363034779444,biec.biegać,Czy Twoje dziecko rozumie,rozumienie
2.42203276840857,0.368512649974914,boleć,Czy Twoje dziecko rozumie,rozumienie
4.00468617759544,-0.781791220145849,budować,Czy Twoje dziecko rozumie,rozumienie
2.25322987284823,-0.228126604709107,być..jest.,Czy Twoje dziecko rozumie,rozumienie
2.40750185215804,0.293059201332841,słoń,Czy Twoje dziecko rozumie,rozumienie
3.02253608444632,-0.395433384729698,całować,Czy Twoje dziecko rozumie,rozumienie
2.46955257738723,-0.041171701875937,chcieć,Czy Twoje dziecko rozumie,rozumienie
2.74700305300266,0.783214826384532,chodzić..chodź.,Czy Twoje dziecko rozumie,rozumienie
2.52186144241948,-1.96284506382205,ciąć,Czy Twoje dziecko rozumie,rozumienie
3.52195305107811,-1.45286472344145,cieszyć.się,Czy Twoje dziecko rozumie,rozumienie
3.58922478216372,-0.913501423218299,czekać,Czy Twoje dziecko rozumie,rozumienie
3.38455220090297,-0.596162613182366,czesać,Czy Twoje dziecko rozumie,rozumienie
3.36544164038141,-1.90218591929046,czyścić,Czy Twoje dziecko rozumie,rozumienie
3.50139732266666,0.281649720342816,czytać,Czy Twoje dziecko rozumie,rozumienie
1.55688446094828,1.27832746341737,dać,Czy Twoje dziecko rozumie,rozumienie
1.93923914393778,-0.499605142946435,sowa,Czy Twoje dziecko rozumie,rozumienie
3.35383720721144,-0.735973374319568,dmuchać,Czy Twoje dziecko rozumie,rozumienie
3.80652236040952,-1.57086250330078,dostać,Czy Twoje dziecko rozumie,rozumienie
3.86007359442011,-2.04290549980073,drapać,Czy Twoje dziecko rozumie,rozumienie
3.27771898304489,0.315141249083046,dzwonić,Czy Twoje dziecko rozumie,rozumienie
3.09142048075787,-1.11264931641103,gonić,Czy Twoje dziecko rozumie,rozumienie
4.17941694459976,-0.831079983685952,gotować,Czy Twoje dziecko rozumie,rozumienie
3.42827381572569,-0.30472562876555,grać,Czy Twoje dziecko rozumie,rozumienie
3.79689299149523,-1.4186934353992,gryźć,Czy Twoje dziecko rozumie,rozumienie
2.44033024200697,0.635254434589431,huśtać.bujać.się,Czy Twoje dziecko rozumie,rozumienie
2.38383165060813,1.21452598854127,iść.pójść,Czy Twoje dziecko rozumie,rozumienie
2.7175808041934,-0.519948403807948,ślimak,Czy Twoje dziecko rozumie,rozumienie
2.95712789841718,0.627867108955533,jechać.jeździć,Czy Twoje dziecko rozumie,rozumienie
2.10115308982046,1.62513284385096,jeść,Czy Twoje dziecko rozumie,rozumienie
2.95988041664983,0.962372254793973,kąpać.się,Czy Twoje dziecko rozumie,rozumienie
3.28528331158303,-0.94204333191124,kłaść.położyć,Czy Twoje dziecko rozumie,rozumienie
3.26047417145421,0.055832513036147,kochać,Czy Twoje dziecko rozumie,rozumienie
3.30792710613819,-0.973501374714778,kopać,Czy Twoje dziecko rozumie,rozumienie
4.19689239537744,-1.30230850239633,krzyczeć.wołać,Czy Twoje dziecko rozumie,rozumienie
4.39226286340774,-0.191924130655184,kupić,Czy Twoje dziecko rozumie,rozumienie
2.50517246369928,-2.07493169410732,lać,Czy Twoje dziecko rozumie,rozumienie
3.36272327727602,-1.51679265250114,lecieć.latać,Czy Twoje dziecko rozumie,rozumienie
2.2375180008316,0.326365757477985,świnka,Czy Twoje dziecko rozumie,rozumienie
4.13977725401923,-0.673727670327024,leżeć,Czy Twoje dziecko rozumie,rozumienie
3.91341911968593,-0.855336434929605,lubić,Czy Twoje dziecko rozumie,rozumienie
3.42484695917289,-0.169306862115873,malować,Czy Twoje dziecko rozumie,rozumienie
1.55879100193297,0.655068451414586,mieć..ma.,Czy Twoje dziecko rozumie,rozumienie
4.0752125032393,-2.57973329548392,mieszkać,Czy Twoje dziecko rozumie,rozumienie
3.02365935730134,-1.41098290585908,móc..może.,Czy Twoje dziecko rozumie,rozumienie
4.15678918293957,-1.32933279898573,mówić.powiedzieć,Czy Twoje dziecko rozumie,rozumienie
3.5610172153367,-1.75529718872067,musieć..musi.,Czy Twoje dziecko rozumie,rozumienie
2.54320534494349,1.0371043268464,myć..się.,Czy Twoje dziecko rozumie,rozumienie
3.85446654721906,-3.23419171436908,myśleć,Czy Twoje dziecko rozumie,rozumienie
2.19644389504986,-0.828711574546664,tygrys,Czy Twoje dziecko rozumie,rozumienie
3.54797136117243,-1.95442427404451,naprawiać.reperować,Czy Twoje dziecko rozumie,rozumienie
3.5457908460804,-1.85066625494414,nazywać.się,Czy Twoje dziecko rozumie,rozumienie
3.88948236287944,-1.93963129166424,nieść.nosić,Czy Twoje dziecko rozumie,rozumienie
4.22655396433574,-1.18736131576876,obudzić..się.,Czy Twoje dziecko rozumie,rozumienie
4.25730154792643,-0.761188292496741,oglądać.obejrzeć,Czy Twoje dziecko rozumie,rozumienie
3.84752195451525,-2.39600706108328,opowiadać,Czy Twoje dziecko rozumie,rozumienie
3.90425452075807,-0.877376497191046,otworzyć,Czy Twoje dziecko rozumie,rozumienie
2.6271844846101,-1.55135980304058,palić..się.,Czy Twoje dziecko rozumie,rozumienie
3.16782992373989,-0.808717066614652,patrzeć..patrz.,Czy Twoje dziecko rozumie,rozumienie
1.9993730324733,1.85206873057729,pić,Czy Twoje dziecko rozumie,rozumienie
2.11302555840638,-0.639894018714164,wąż,Czy Twoje dziecko rozumie,rozumienie
2.85609002983629,0.049781072765845,pisać,Czy Twoje dziecko rozumie,rozumienie
3.03624808857457,-2.31099009777373,pluć,Czy Twoje dziecko rozumie,rozumienie
3.68843320942013,0.163295747729902,płakać,Czy Twoje dziecko rozumie,rozumienie
3.81637144122404,-2.55887354542767,podobać.się,Czy Twoje dziecko rozumie,rozumienie
4.2571753613888,-1.71540117636761,pokazać,Czy Twoje dziecko rozumie,rozumienie
4.23432853064677,-1.57496147128081,pomóc,Czy Twoje dziecko rozumie,rozumienie
3.64102563636953,-3.4387437893253,pożyczyć,Czy Twoje dziecko rozumie,rozumienie
3.81244071794103,-1.52528488045002,pracować,Czy Twoje dziecko rozumie,rozumienie
3.32554948052724,-1.19659772102056,prać,Czy Twoje dziecko rozumie,rozumienie
3.45681062141695,-2.24788554672638,prasować,Czy Twoje dziecko rozumie,rozumienie
2.56342156754684,-1.22793962088514,wiewiórka,Czy Twoje dziecko rozumie,rozumienie
3.38517655274946,-0.799421391915137,prosić,Czy Twoje dziecko rozumie,rozumienie
4.0507192598247,-1.65066193497621,przyjść,Czy Twoje dziecko rozumie,rozumienie
3.92608852525718,-1.59761781402239,przykryć,Czy Twoje dziecko rozumie,rozumienie
4.32567832108817,-1.7074540060554,przynieść,Czy Twoje dziecko rozumie,rozumienie
3.19016108891282,-1.782995673605,puścić,Czy Twoje dziecko rozumie,rozumienie
3.88178244394953,-0.979739259315291,robić,Czy Twoje dziecko rozumie,rozumienie
4.32957414174295,-2.17084861177158,rozmawiać,Czy Twoje dziecko rozumie,rozumienie
3.42720172176402,-0.159012001464834,rysować,Czy Twoje dziecko rozumie,rozumienie
3.58725069010191,-1.05709270220965,rzucać,Czy Twoje dziecko rozumie,rozumienie
4.50339099603549,-1.49392742731514,schować,Czy Twoje dziecko rozumie,rozumienie
1.06699526161765,2.68509256132005,miau,Czy Twoje dziecko rozumie,rozumienie
2.1934892527268,-0.9056921811135,wilk,Czy Twoje dziecko rozumie,rozumienie
3.45713084738146,-0.165357010214813,siedzieć,Czy Twoje dziecko rozumie,rozumienie
3.11153877941195,0.048647958181786,skakać,Czy Twoje dziecko rozumie,rozumienie
3.98771113655829,-2.74285283958793,skończyć,Czy Twoje dziecko rozumie,rozumienie
4.49972352914837,-1.9121243608076,słyszeć.słuchać,Czy Twoje dziecko rozumie,rozumienie
2.26200688300136,1.77157585571647,spać,Czy Twoje dziecko rozumie,rozumienie
4.25417504909641,-0.390204144413401,sprzątać,Czy Twoje dziecko rozumie,rozumienie
3.38683060772367,-0.82592268012161,stać,Czy Twoje dziecko rozumie,rozumienie
2.90179074925308,-0.832406874838386,stukać.pukać,Czy Twoje dziecko rozumie,rozumienie
4.44627594133959,-1.04704422848637,szukać,Czy Twoje dziecko rozumie,rozumienie
3.07635642986021,-2.92437821085231,szyć,Czy Twoje dziecko rozumie,rozumienie
2.53668577195503,-0.954141436466515,zając,Czy Twoje dziecko rozumie,rozumienie
3.93783596669864,-0.986425126170363,śmiać.się,Czy Twoje dziecko rozumie,rozumienie
3.11721700450073,-0.118446128885305,śpiewać,Czy Twoje dziecko rozumie,rozumienie
2.9678418920205,0.500684839104726,tańczyć,Czy Twoje dziecko rozumie,rozumienie
4.27979548962514,-1.56409945384572,trzymać,Czy Twoje dziecko wykonuje,gesty
4.17578496496749,-0.446682315510211,ubrać..się.,Czy Twoje dziecko wykonuje,gesty
4.24326058405885,-1.42026252488557,uciekać,Czy Twoje dziecko wykonuje,gesty
3.70768303506995,-2.30401139159856,uczyć.się,Czy Twoje dziecko wykonuje,gesty
4.02678174511339,-2.06681816945869,umieć,Czy Twoje dziecko wykonuje,gesty
2.51858148237106,-0.629743806708079,upaść.spaść,Czy Twoje dziecko wykonuje,gesty
3.61707630156063,-0.72557329598981,usiąść.siadać,Czy Twoje dziecko wykonuje,gesty
2.8742573865402,-1.57707677354306,zwierzątko,Czy Twoje dziecko wykonuje,gesty
3.57111360539716,-1.74271359794322,uściskać.ukochać,Czy Twoje dziecko wykonuje,gesty
4.06256398700593,-3.25568331133435,wiązać,Czy Twoje dziecko wykonuje,gesty
3.9041191104384,-1.40055015937813,widzieć.zobaczyć,Czy Twoje dziecko wykonuje,gesty
4.05458487590405,-2.79208215937178,wiedzieć,Czy Twoje dziecko wykonuje,gesty
4.25520021758231,-1.86106055966381,włożyć.założyć,Czy Twoje dziecko wykonuje,gesty
3.71554876207773,-1.13110915980154,wstawać,Czy Twoje dziecko wykonuje,gesty
4.14570445856745,-1.23665881067609,wyrzucić,Czy Twoje dziecko wykonuje,gesty
4.1637248018573,-1.64783167462081,wytrzeć,Czy Twoje dziecko wykonuje,gesty
3.83695816461602,-1.57633389630615,zamiatać,Czy Twoje dziecko wykonuje,gesty
4.06279169775048,-0.828872982342725,zamknąć,Czy Twoje dziecko wykonuje,gesty
2.31454150515531,0.904135122190446,żaba,Czy Twoje dziecko wykonuje,gesty
4.0364687460538,-2.0458175281034,zapiąć,Czy Twoje dziecko wykonuje,gesty
3.77458033752469,-1.22323497371886,zaświecić.zapalić,Czy Twoje dziecko wykonuje,gesty
4.2410293913041,-1.63003252740229,zdjąć.ściągnąć,Czy Twoje dziecko wykonuje,gesty
3.90042644694197,-1.06775045082401,zepsuć,Czy Twoje dziecko wykonuje,gesty
4.0018852560324,-1.92175526091532,zgubić,Czy Twoje dziecko wykonuje,gesty
4.26552747553283,-2.97604169551942,złamać,Czy Twoje dziecko wykonuje,gesty
4.82121668695443,-2.4956600000004,złapać,Czy Twoje dziecko wykonuje,gesty
4.56141852298482,-1.76620524810133,zmęczyć.się,Czy Twoje dziecko wykonuje,gesty
3.70535962658854,-2.94934708293525,znać,Czy Twoje dziecko wykonuje,gesty
4.91426760548863,-2.72839262540828,znaleźć,Czy Twoje dziecko wykonuje,gesty
2.4716724766639,-0.680175897164862,żółw,Czy Twoje dziecko wykonuje,gesty
3.91753986554113,-2.22136558632242,zostać,Czy Twoje dziecko wykonuje,gesty
2.27884553919634,-0.282323143787321,.nie..da.się,Czy Twoje dziecko wykonuje,gesty
1.42219280615496,1.84401977388941,nie.ma.,Czy Twoje dziecko wykonuje,gesty
2.75804028631932,-0.292303431745427,.nie..można,Czy Twoje dziecko wykonuje,gesty
2.8393631977192,-1.57963462306164,.nie..trzeba,Czy Twoje dziecko wykonuje,gesty
2.23666588611188,0.633624898839211,.nie..wolno,Czy Twoje dziecko wykonuje,gesty
1.7772298041069,3.20035988825721,tu,Czy Twoje dziecko wykonuje,gesty
1.58823023212749,2.06161867411392,tam,Czy Twoje dziecko wykonuje,gesty
1.898416960919,-1.67849904643433,tędy,Czy Twoje dziecko wykonuje,gesty
2.65476886280916,-3.46635637743694,stąd,Czy Twoje dziecko wykonuje,gesty
2.47625169810768,-0.661143094323847,żyrafa,Czy Twoje dziecko wykonuje,gesty
3.87178529002558,-0.169103683947777,daleko,Czy Twoje dziecko wykonuje,gesty
3.69502426960007,-1.57537380791766,blisko,Czy Twoje dziecko wykonuje,gesty
3.06373760626409,0.156155023143681,wysoko,Czy Twoje dziecko wykonuje,gesty
2.83440547220219,-1.38133355028627,nisko,Czy Twoje dziecko wykonuje,gesty
2.91881379766679,0.19514201520251,na.górę.na.górze,Czy Twoje dziecko wykonuje,gesty
2.8838075788707,-0.330518561543137,na.dół.na.dole,Czy Twoje dziecko wykonuje,gesty
3.11912369096653,-2.05810712692013,z.tyłu.do.tyłu,Czy Twoje dziecko wykonuje,gesty
3.2215022968489,-2.37203585489298,z.przodu.do.przodu,Czy Twoje dziecko wykonuje,gesty
3.12084075676563,-2.36096553090349,w.środku,Czy Twoje dziecko wykonuje,gesty
2.1554446977679,-1.89702387454205,gdzieś,Czy Twoje dziecko wykonuje,gesty
2.1372297244164,3.71994113273968,auto.samochód,Czy Twoje dziecko wykonuje,gesty
2.35453916437477,-2.13973747434296,nigdzie,Czy Twoje dziecko wykonuje,gesty
2.972096159613,-3.19979643126518,wszędzie,Czy Twoje dziecko wykonuje,gesty
1.66546345223912,0.522456467665405,już.już.nie,Czy Twoje dziecko wykonuje,gesty
2.34137176796436,-0.277339835892514,jeszcze.jeszcze.nie,Czy Twoje dziecko wykonuje,gesty
2.57954551717615,-0.223007181055352,teraz,Czy Twoje dziecko wykonuje,gesty
2.33153958648812,-1.10252070104697,zaraz,Czy Twoje dziecko wykonuje,gesty
2.546026660489,-1.32730928976432,potem.później,Czy Twoje dziecko wykonuje,gesty
3.05223969212542,-2.85974599992532,znowu.znów,Czy Twoje dziecko wykonuje,gesty
3.07504324485504,-3.56465820343542,kiedyś,Czy Twoje dziecko wykonuje,gesty
2.54852385482657,-2.89283236292238,nigdy,Czy Twoje dziecko wykonuje,gesty
2.14465614563131,0.460354388842267,autobus,Czy Twoje dziecko wykonuje,gesty
3.13887985834004,-3.4490634983873,zawsze,Czy Twoje dziecko wykonuje,gesty
2.93345664804633,-3.63403804576806,czasem,Czy Twoje dziecko wykonuje,gesty
2.93638537572347,-0.683800085332089,dzisiaj.dziś,Czy Twoje dziecko wykonuje,gesty
2.75429742802512,-0.849200602785202,jutro,Czy Twoje dziecko wykonuje,gesty
3.047708765155,-2.07888858263087,wczoraj,Czy Twoje dziecko wykonuje,gesty
2.82029932300365,-1.03751539071011,rano,Czy Twoje dziecko wykonuje,gesty
2.96746785950426,-2.15852687536588,wieczorem,Czy Twoje dziecko wykonuje,gesty
2.89782196679069,-0.535307720157668,noc.w.nocy,Czy Twoje dziecko wykonuje,gesty
2.99839886196047,-1.06458927771654,dzień,Czy Twoje dziecko wykonuje,gesty
2.8090932989726,-2.37352920355118,godzina,Czy Twoje dziecko wykonuje,gesty
1.51525165428175,-0.942115250051836,ciężarówka,Czy Twoje dziecko wykonuje,gesty
3.4524121357557,1.69545151771031,dużo,Czy Twoje dziecko wykonuje,gesty
2.9470923528594,0.805791644639211,mało,Czy Twoje dziecko wykonuje,gesty
2.95116299798502,-1.60816874971042,trochę.troszkę,Czy Twoje dziecko wykonuje,gesty
1.8751367645214,-1.27538420267047,tyle,Czy Twoje dziecko wykonuje,gesty
3.32658488068938,-2.48504963443516,więcej,Czy Twoje dziecko wykonuje,gesty
2.29095107995745,0.189671607869872,jeszcze,Czy Twoje dziecko wykonuje,gesty
3.40283181977279,-2.24465639150507,wszystko.wszyscy,Czy Twoje dziecko wykonuje,gesty
2.1971488060003,-1.21958882167038,inny,Czy Twoje dziecko wykonuje,gesty
2.26999201367076,-0.953010546193949,drugi,Czy Twoje dziecko wykonuje,gesty
2.92942743012671,-1.57874535005359,cały,Czy Twoje dziecko wykonuje,gesty
1.6810730244219,-1.05501617565987,helikopter,Czy Twoje dziecko wykonuje,gesty
3.31362072586626,-1.64030850559701,bardzo,Czy Twoje dziecko wykonuje,gesty
3.52764582735023,-2.67774299062347,tylko_miary,Czy Twoje dziecko wykonuje,gesty
2.01462272883215,0.824305581953338,sam.sama,Czy Twoje dziecko wykonuje,gesty
3.2162524704107,-1.66516483766177,razem,Czy Twoje dziecko wykonuje,gesty
2.0008492557379,-1.14791712637554,też,Czy Twoje dziecko wykonuje,gesty
1.83250891533837,-1.61247648190966,dosyć.dość,Czy Twoje dziecko wykonuje,gesty
2.49391979116598,-1.4912956856171,za..np..za.dużo.,Czy Twoje dziecko wykonuje,gesty
3.13334118047876,-3.61488645151188,każdy,Czy Twoje dziecko wykonuje,gesty
2.82932507895297,-4.66586241401832,niektóry,Czy Twoje dziecko wykonuje,gesty
2.95222712280914,-3.95215745579974,żaden,Czy Twoje dziecko wykonuje,gesty
0.985496630653365,1.55413668276341,mee.bee,Czy Twoje dziecko wykonuje,gesty
1.73314686148043,-0.152929733541727,koparka,Czy Twoje dziecko wykonuje,gesty
1.61088298945256,2.34598771077247,ja..mi..mnie.,Czy Twoje dziecko wykonuje,gesty
1.78963373480961,0.826583381218102,ty..ci..cię.,Czy Twoje dziecko wykonuje,gesty
1.71096631519815,-0.437626057379559,on..mu..go.,Czy Twoje dziecko wykonuje,gesty
2.03037972748592,-0.988422120810449,ona..jej..ją.,Czy Twoje dziecko wykonuje,gesty
2.16692998884619,-1.10143961554857,my..nam..nas.,Czy Twoje dziecko wykonuje,gesty
2.18491157571304,-2.22475994488862,wy..wam..was.,Czy Twoje dziecko wykonuje,gesty
2.1479781264868,-2.24943226396487,oni.one..im..ich.je.,Czy Twoje dziecko wykonuje,gesty
2.03462860866742,-2.72931016298505,się,Czy Twoje dziecko wykonuje,gesty
2.24104013375631,-3.40062613094597,sobie,Czy Twoje dziecko wykonuje,gesty
2.06853243345307,0.936665570589977,mój,Czy Twoje dziecko wykonuje,gesty
1.30007994481544,-0.901838447737671,lokomotywa,Czy Twoje dziecko wykonuje,gesty
2.45811623363395,-0.934114790749618,twój,Czy Twoje dziecko wykonuje,gesty
2.15959832915523,-2.32964632128717,jego,Czy Twoje dziecko wykonuje,gesty
2.06093133400808,-2.26470753893915,jej,Czy Twoje dziecko wykonuje,gesty
2.44045922661912,-1.8288748016866,nasz,Czy Twoje dziecko wykonuje,gesty
2.48728674692101,-3.37592564150109,wasz,Czy Twoje dziecko wykonuje,gesty
2.41972624012794,-3.49605479521542,ich,Czy Twoje dziecko wykonuje,gesty
2.35272167527471,-3.36886129095089,swój,Czy Twoje dziecko wykonuje,gesty
1.49338604149555,2.2853247036957,to,Czy Twoje dziecko wykonuje,gesty
2.04272526855672,-1.01072211050569,coś,Czy Twoje dziecko wykonuje,gesty
2.31197367095753,-1.75305628188581,ktoś,Czy Twoje dziecko wykonuje,gesty
2.25939861413818,0.287798208258594,motor.motocykl,Czy Twoje dziecko wykonuje,gesty
1.82558105957918,0.45745883967291,nic,Czy Twoje dziecko wykonuje,gesty
2.69987393504752,-2.50111558977149,nikt,Czy Twoje dziecko wykonuje,gesty
1.48995509129628,-0.134588308821857,ten,Czy Twoje dziecko wykonuje,gesty
2.21229276069465,-2.28121229723412,tamten,Czy Twoje dziecko wykonuje,gesty
2.15907098492966,-1.20346997762817,taki,Czy Twoje dziecko wykonuje,gesty
2.78186625281082,-3.23526570042514,jakiś,Czy Twoje dziecko wykonuje,gesty
1.96595945699877,1.33792215945567,co.to..co.to.jest.,Czy Twoje dziecko wykonuje,gesty
1.62048965042871,0.792122253061176,co.,Czy Twoje dziecko wykonuje,gesty
3.25874055596437,-0.531782334047322,co.robi.,Czy Twoje dziecko wykonuje,gesty
2.34595851305869,-0.038749055916403,kto.,Czy Twoje dziecko wykonuje,gesty
1.98570596189032,0.823444962542134,pociąg,Czy Twoje dziecko wykonuje,gesty
2.69388920158185,-2.72247615868009,czyj.,Czy Twoje dziecko wykonuje,gesty
2.61851886088957,0.00983070742481,gdzie.,Czy Twoje dziecko wykonuje,gesty
3.19472872907336,-2.01121970233173,kiedy.,Czy Twoje dziecko wykonuje,gesty
2.5213284635495,-1.35498069031682,jak.,Czy Twoje dziecko wykonuje,gesty
3.10105230519239,-1.43228825139348,dlaczego.czemu.,Czy Twoje dziecko wykonuje,gesty
2.46926994064478,-1.19947282759711,po.co.na.co.,Czy Twoje dziecko wykonuje,gesty
2.84676776668793,-1.48912553552973,jaki.,Czy Twoje dziecko wykonuje,gesty
3.01753126453951,-2.80435463337573,który.,Czy Twoje dziecko wykonuje,gesty
2.55580049130085,-1.68766774275819,ile.,Czy Twoje dziecko wykonuje,gesty
2.25970151516819,-1.57961012036227,chyba,Czy Twoje dziecko wykonuje,gesty
1.50007312804576,-0.416558524004553,pogotowie.karetka,Czy Twoje dziecko wykonuje,gesty
2.38542648164534,-1.56785348263536,może,Czy Twoje dziecko wykonuje,gesty
2.73203523571036,-3.14827296119391,na.pewno,Czy Twoje dziecko wykonuje,gesty
2.61687272527395,-2.57322926805782,naprawdę,Czy Twoje dziecko wykonuje,gesty
2.43696966114954,-3.20253597619998,pewnie,Czy Twoje dziecko wykonuje,gesty
2.68632100252029,-3.56098742013109,przecież,Czy Twoje dziecko wykonuje,gesty
2.3126814647676,-3.46265825902877,w.ogóle,Czy Twoje dziecko wykonuje,gesty
2.51585746095625,-2.93251328627469,właśnie,Czy Twoje dziecko wykonuje,gesty
2.46304501553816,-0.738270077144873,bez,Czy Twoje dziecko wykonuje,gesty
2.7889373705959,0.031540823307756,dla,Czy Twoje dziecko wykonuje,gesty
2.59913030340675,0.624693594656975,do,Czy Twoje dziecko wykonuje,gesty
2.85557192852502,1.021265622703,rower,Czy Twoje dziecko wykonuje,gesty
2.56008413506253,0.10734235400144,na,Czy Twoje dziecko wykonuje,gesty
2.68390548352831,-1.79341097262623,koło.obok,Czy Twoje dziecko wykonuje,gesty
1.32874190022834,0.116394581011625,o,Czy Twoje dziecko wykonuje,gesty
2.89623589418473,-0.675832581288663,od,Czy Twoje dziecko wykonuje,gesty
2.56306829323694,-1.2703948535648,po,Czy Twoje dziecko wykonuje,gesty
2.88663903856526,-1.31843068207009,pod,Czy Twoje dziecko wykonuje,gesty
3.0579758183343,-3.00663761599238,przed,Czy Twoje dziecko wykonuje,gesty
2.20891498379817,-0.15908264962343,u,Czy Twoje dziecko wykonuje,gesty
2.80562992511208,-0.538499077320244,w,Czy Twoje dziecko wykonuje,gesty
2.51105791056677,-1.57268325377226,za,Czy Twoje dziecko wykonuje,gesty
2.64533393578108,0.913928659860018,samolot,Czy Twoje dziecko wykonuje,gesty
2.5131525069426,-0.093996712519333,z..np..tatusiem.,Czy Twoje dziecko wykonuje,gesty
2.58874791338775,-1.39310012435063,z..np..łazienki.,Czy Twoje dziecko wykonuje,gesty
1.00718222788695,-0.046225849178453,a,Czy Twoje dziecko wykonuje,gesty
2.48892162186479,-2.39549281873531,albo,Czy Twoje dziecko wykonuje,gesty
2.16595017152404,-1.52951791327586,ale,Czy Twoje dziecko wykonuje,gesty
1.83186833407612,-1.01415300541443,bo,Czy Twoje dziecko wykonuje,gesty
1.51981132220452,-0.119913240069601,i,Czy Twoje dziecko wykonuje,gesty
2.23689836329677,-1.91254731424217,jak....to.,Czy Twoje dziecko wykonuje,gesty
2.75942565185609,-2.35368416072142,tylko_spójniki,Czy Twoje dziecko wykonuje,gesty
2.36398530883633,-2.38481474285184,że,Czy Twoje dziecko wykonuje,gesty
2.55847827107712,-0.703771762682698,statek,Czy Twoje dziecko wykonuje,gesty
2.80630485411923,-3.4253194635155,żeby,Czy Twoje dziecko wykonuje,gesty
1.65917657524212,0.503062237772057,traktor,Czy Twoje dziecko wykonuje,gesty
1.51380912092213,-1.35450290236454,tramwaj,Czy Twoje dziecko wykonuje,gesty
1.05556668634245,2.38758832781642,muu..krowa.,Czy Twoje dziecko wykonuje,gesty
2.75956567874565,1.85234387966214,banan,Czy Twoje dziecko wykonuje,gesty
1.98803153632774,-2.31059926957537,barszcz,Czy Twoje dziecko wykonuje,gesty
2.11730926572773,-0.827342782408251,batonik,Czy Twoje dziecko wykonuje,gesty
2.22589999014281,-1.03679934895603,budyń,Czy Twoje dziecko wykonuje,gesty
2.74830544079589,1.6651199741259,bułka,Czy Twoje dziecko wykonuje,gesty
2.68697324341103,-1.75826278300103,buraczki,Czy Twoje dziecko wykonuje,gesty
2.92891546106477,-1.04338720669597,cebula,Czy Twoje dziecko wykonuje,gesty
3.04548107528991,1.55602186284145,chleb,Czy Twoje dziecko wykonuje,gesty
2.52405450723047,0.545808836988927,chrupki,Czy Twoje dziecko wykonuje,gesty
2.2666726103243,0.02198493868086,ciasto,Czy Twoje dziecko wykonuje,gesty
0.845112894892252,0.636980080256834,pi.pi.pi.ćwir.ćwir,Czy Twoje dziecko wykonuje,gesty
2.48308330359616,0.781025534996855,ciastko,Czy Twoje dziecko wykonuje,gesty
2.67649200361878,-0.645162364866993,cukier,Czy Twoje dziecko wykonuje,gesty
2.19876376660615,0.355248594123878,cukierek,Czy Twoje dziecko wykonuje,gesty
2.92399615665629,0.453699207755591,czekolada,Czy Twoje dziecko wykonuje,gesty
2.26855285434725,-0.922025067909561,dżem,Czy Twoje dziecko wykonuje,gesty
2.59123300211845,-1.87791557419601,galaretka,Czy Twoje dziecko wykonuje,gesty
2.44904217682145,-1.89988631113591,groszek,Czy Twoje dziecko wykonuje,gesty
2.42564664230578,-1.48359136349293,grzyby,Czy Twoje dziecko wykonuje,gesty
1.63005406052734,-1.00258232914298,guma.do.żucia,Czy Twoje dziecko wykonuje,gesty
2.59766948323611,0.537180726149728,herbata,Czy Twoje dziecko wykonuje,gesty
0.573437087296278,1.33356351599343,bam.bum.bęc,Czy Twoje dziecko wykonuje,gesty
3.35417120623107,1.6704786057755,jabłko,Czy Twoje dziecko wykonuje,gesty
2.5108444345338,2.47263186871266,jajko,Czy Twoje dziecko wykonuje,gesty
1.41764672440015,1.56601551037291,jedzenie.papu.am,Czy Twoje dziecko wykonuje,gesty
2.5167855451517,-0.250454861223434,jogurt,Czy Twoje dziecko wykonuje,gesty
1.93289883071913,-0.672036209964249,kakao,Czy Twoje dziecko wykonuje,gesty
2.84377591416449,-0.549144370818284,kanapka.kromka,Czy Twoje dziecko wykonuje,gesty
3.17848819676722,-2.17746639936147,kapusta,Czy Twoje dziecko wykonuje,gesty
1.91578981627599,-0.114168730992362,kaszka,Czy Twoje dziecko wykonuje,gesty
2.2227571424859,0.196970998984164,kawa,Czy Twoje dziecko wykonuje,gesty
2.5772721154196,-0.47279589194305,ketchup,Czy Twoje dziecko wykonuje,gesty
